project_name,station,yyyy-mm-dd hh:mm:ss,Longitude [degrees_east],Latitude [degrees_north],총질소[μg/L],염분[psu],수온[℃],클로로필-a[μg/L],부유물질 농도[mg/L],용존산소[mg/L],수소이온농도[무단위],규산염[μg/L],아질산성질소[μg/L],인산염인[μg/L],질산성질소[μg/L],투명도[m],용존무기질소[μg/L],화학적산소요구량[mg/L],암모니아성 질소[μg/L],총인[μg/L]
해양환경측정망,가로림연안1_연안,43683.49861,126.3269444,36.94638889,214.4,31.63,24.07,3.47,18.2,7.72,8.09,259.8,4.9,12.4,28.7,1.3,48.2,1.51,14.7,29.7
해양환경측정망,가로림연안2_연안,43683.51528,126.3133333,36.99,162.9,31.7,22.27,5.48,6.7,8.43,8.14,71.7,1.3,4.4,4.9,2.1,11,1.63,4.9,20
해양환경측정망,가로림연안3_연안,43684.59722,126.2,36.94166667,204.3,31.61,21.42,4.2,4,8.31,8.08,107.9,4,6,17.4,3.9,38.8,1.84,17.4,19.1
해양환경측정망,가로림연안4_연안,43683.49306,126.3336111,36.9225,223.2,31.51,24.79,3.73,21.8,7.76,8.07,261.9,4.6,11.8,28.1,0.8,44.8,1.6,12.2,31.1
해양환경측정망,가로림연안5_연안,43683.50833,126.3225,36.97083333,197.6,31.56,23.59,4.4,14.3,8.06,8.12,158.1,2.5,6.8,12.4,1.3,22,1.76,7.1,25.1
해양환경측정망,가로림연안6_연안,43683.58472,126.2608333,37.03305556,254.6,31.34,22.33,2.7,7.7,7.57,8.04,273.3,7.4,12.9,47,3.2,79.1,3.11,24.7,29
해양환경측정망,가막만1_환경관리,43692.37361,127.73417,34.7225,251.7,31.18,26.6,1.56,35.1,6.29,8.07,301.6,4.3,20.6,21.5,3,80.1,1.48,54.3,35.1
해양환경측정망,가막만2_환경관리,43687.37778,127.68833,34.68917,180.9,31.77,27.36,1.8,19.7,8.91,8.18,49.8,1.2,3.2,2.5,4.5,31,1.2,27.3,19.7
해양환경측정망,가막만3_환경관리,43687.39861,127.69028,34.62139,126.1,31.91,26.2,1.33,19.7,8.72,8.15,105.6,0.8,3.4,0.9,5,4.8,0.7,3.2,19.7
해양환경측정망,가막만4_환경관리,43687.58403,127.66111,34.7325,183.4,31.51,29.4,2.88,27.7,9.28,8.18,103,0.5,10.3,0.6,5,30.8,1.57,29.7,27.7
해양환경측정망,가막만5_환경관리,43687.57292,127.64417,34.6975,185,31.64,28.96,0.87,17.8,9.55,8.23,26.9,0.2,3.9,0.7,7,7,1.11,6,17.8
해양환경측정망,감포연안1_연안,43706.52083,129.5108333,35.79805556,131.2,32.18,24.95,1.3,4.5,7.16,8.18,106.6,0.9,2,2.6,8,4.6,1.14,1.2,11.3
해양환경측정망,감포연안2_연안,43706.46875,129.5305556,35.81555556,104.1,32.14,25.4,1.38,4.4,7.13,8.17,120.1,1.1,1,4.2,8,5.4,1.73,0,8.2
해양환경측정망,감포연안3_연안,43706.55208,129.4883333,35.7075,127.2,32.32,25.18,0.97,4,7.3,8.17,129.1,0.4,1.1,1.5,7.5,2.8,1.43,0.9,7.3
해양환경측정망,감포연안4_연안,43706.53819,129.5005556,35.74638889,103.1,32.32,25.36,1,3.2,7.29,8.16,140.3,0.7,1.1,3.7,6,4.4,1.47,0,8.1
해양환경측정망,감포연안H1_항만,43706.48056,129.5055556,35.80694444,196.9,31.8,25.53,2.14,4.6,6.68,8.12,194.7,2.5,5.1,30.3,4.5,52.1,1.31,19.3,17.6
해양환경측정망,강구연안1_연안,43689.65417,129.4205556,36.38055556,120.7,33.06,25.15,0.76,13,5.69,8.22,53.4,0,0.6,4.1,10.2,8.4,1.54,4.3,12.6
해양환경측정망,강구연안2_연안,43689.64236,129.3975,36.35,142.5,32.96,25.09,0.66,10.5,8.52,8.23,37.1,0.1,0.2,7.5,9.8,10.4,1.17,2.8,11.9
해양환경측정망,강구연안H1_항만,43689.63333,129.3905556,36.35666667,194.1,32.46,24.23,1.41,27.6,8.16,8.03,237.6,0.8,1.6,59.9,4,64.8,1.58,4.1,14.2
해양환경측정망,강릉연안1_연안,43683.5625,128.9616667,37.78166667,102.7,33.35,25.73,0.59,12.3,8.05,8.2,80.1,0.1,1.3,0.4,8.8,0.8,1.06,0.3,8.8
해양환경측정망,강릉연안2_연안,43683.54861,128.9555556,37.78,110.2,33.34,25.76,0.54,8.9,7.81,8.2,92.3,0.2,1.9,0.7,10.2,1.1,0.96,0.1,9
해양환경측정망,강릉연안3_연안,43683.52778,128.9761111,37.76972222,114.9,33.37,26.08,0.42,10.8,7.65,8.21,109.9,0.2,2,0.4,10.5,0.8,0.8,0.2,7.6
해양환경측정망,강릉연안4_연안,43686.56944,128.9316667,37.80638889,115.8,32.45,26.77,0.99,8.7,7.91,8.04,124.7,0.2,1.7,0.8,6.8,1,1.02,0,10
해양환경측정망,강릉연안5_연안,43683.46875,129.0808333,37.66444444,109.6,33.45,23.62,0.4,3.6,8.13,8.19,109.3,0.4,1.2,1.3,9.5,2,1.04,0.3,9.3
해양환경측정망,강릉연안6_연안,43683.49306,129.0372222,37.71666667,107,33.38,24.87,0.4,9.3,8.1,8.17,145.2,0.4,2.1,0.8,12.1,4.8,0.9,3.6,8.4
해양환경측정망,강릉연안7_연안,43683.51736,128.9952778,37.75083333,134,33.09,25.04,3.08,9.9,8.47,8.15,430.2,5.7,22.6,123,5.8,128.7,1.49,0.1,23.9
해양환경측정망,거제도남안1_연안,43685.67083,128.5580556,34.81333333,229.3,32.11,25.68,6.86,5.6,7.87,8.03,470.2,7.1,24.3,30.1,2.5,58.6,1.28,21.4,46.2
해양환경측정망,거제도남안2_연안,43685.65417,128.52,34.78083333,139.2,32.43,23.9,2.84,4.3,8.46,8.09,160.5,1.6,6.4,7.2,6,19.3,2,10.6,19.2
해양환경측정망,거제도남안3_연안,43685.625,128.5402778,34.72277778,157.8,32.73,23.12,2.26,4.7,8.78,8.17,140.2,0.6,1.4,3.9,5.5,13,2.02,8.5,20.5
해양환경측정망,거제도남안4_연안,43685.59028,128.6427778,34.67388889,118.1,32.42,25,0.62,5.8,9.14,8.23,62.6,0.3,0.7,1.5,10,54.4,1.46,52.7,11.1
해양환경측정망,거제도동안1_연안,43685.43819,128.7333333,34.90944444,130.6,31.83,24.24,1.79,4,9.39,8.09,41.4,0.5,2.1,2.5,6,3.2,0.86,0.2,13.5
해양환경측정망,거제도동안2_연안,43685.55069,128.6797222,34.79861111,110,32.37,25.24,1.32,4.5,9.15,8.22,57.3,0.4,1.6,2.3,6.5,3,1.1,0.3,12.5
해양환경측정망,거제도동안3_연안,43685.51806,128.7744444,34.76805556,108.3,31.8,27.27,0.24,3.1,8.18,8.2,164.8,0,1.8,1.6,11.5,2,2.1,0.4,5.8
해양환경측정망,거제도동안4_연안,43685.47361,128.7502778,34.87916667,137.8,31.81,24.28,1.96,6.8,9.23,8.22,35.9,0.3,0.6,3.2,4,4.8,1.98,1.4,15.3
해양환경측정망,거제도동안H1_항만,43685.45139,128.7155556,34.88527778,168.6,31.32,25.84,1.28,6.15,9.22,8.23,56.3,1.1,2.9,5.2,5.5,18.7,0.98,12.4,18.4
해양환경측정망,거제도동안H2_항만,43685.4875,128.7272222,34.86472222,191.2,31.88,24.4,2.88,5.45,9.55,8.22,59.8,0.8,1.9,1.7,4,3,2.32,0.5,26.5
해양환경측정망,거진연안1_연안,43685.62153,128.5055556,38.40833333,113,33.17,24.65,0.93,6.8,8,8.16,105.9,0,1.5,1,9.2,7.6,1.26,6.7,9.7
해양환경측정망,거진연안2_연안,43685.60625,128.4597222,38.44027778,85.4,33.12,22.85,1.46,7.3,8.14,8.18,144.3,0,1.7,2.7,6.8,3.3,1.09,0.6,7.6
해양환경측정망,거진연안H1_항만,43685.59722,128.4597222,38.44638889,140,32,25.42,4.12,6.2,7.79,8.16,234.8,1,3.3,13.4,2.7,18.2,1.38,3.8,22.8
해양환경측정망,고성자란만1_연안,43693.45069,128.3147222,34.9275,159.9,32.38,26.45,2.34,5.3,7.17,8.07,190.6,0.6,18.6,1.9,6,15.5,1.78,13,36.7
해양환경측정망,고성자란만2_연안,43693.40139,128.2233333,34.90944444,156.3,32.26,26.72,0.72,4.3,7.68,8.16,70.8,0.4,4.1,1.1,8.5,1.7,1.11,0.3,18.8
해양환경측정망,고성자란만3_연안,43693.42083,128.25,34.875,144.5,32.28,26.65,0.66,2.9,7.63,8.18,108,0.5,3.7,1.2,10.9,1.9,0.92,0.2,16.4
해양환경측정망,고창연안1_연안,43691.35764,126.4605556,35.5725,220.4,30.63,27.57,2.75,6.8,6.32,8.01,541.1,2.5,33,13.5,1.9,56.8,1.8,40.8,45.9
해양환경측정망,고창연안2_연안,43691.38194,126.3916667,35.5,310.1,30.8,27.97,2.97,11.3,5.85,7.98,478.7,2.8,44,14.2,1.2,81.6,2.15,64.5,76.9
해양환경측정망,고창연안3_연안,43691.40625,126.3775,35.38972222,279.5,30.71,28.89,5,18.7,5.89,7.99,338.2,3.8,34.8,21.5,1,65.4,1.73,40.1,68.4
해양환경측정망,고창연안4_연안,43691.42778,126.3,35.33333333,275,31.12,28.89,9,15.6,6.01,8.05,132.8,1,11.5,5.5,0.9,13,2.77,6.5,60
해양환경측정망,고흥연안1_연안,43691.59028,127.2433333,34.5,169.4,32.19,26.67,2.5,11.4,8.2,8.15,146.1,2,4.1,5.5,2.2,20.7,0.83,13.1,23.4
해양환경측정망,고흥연안2_연안,43690.5,127.2161111,34.33138889,200.6,32.32,25.36,1.57,6,8.57,8.2,84.5,0.3,1.6,1.2,4.5,2.7,0.87,1.3,13.5
해양환경측정망,고흥연안3_연안,43690.45556,127.4016667,34.40444444,135.2,32.2,26.94,2.62,14.1,8.2,8.17,177.9,1.1,4.3,1.7,1.5,6.3,0.52,3.6,19.9
해양환경측정망,고흥연안4_연안,43690.39028,127.595,34.50916667,112.1,31.85,26.66,0.33,2.8,8.33,8.24,170.8,0.7,0.4,3.1,9.5,3.9,1.15,0.1,7
해양환경측정망,고흥연안5_연안,43691.65278,127.4791667,34.47833333,159.1,32.08,26.97,2.62,8.4,7.57,8.19,221.5,2.2,5.5,5.6,1,15.6,0.63,7.8,17.9
해양환경측정망,고흥연안6_연안,43691.67222,127.4916667,34.52277778,131.2,31.93,28.2,0.75,4.8,8.55,8.25,126.3,0.4,1.9,0.9,3,1.7,1.97,0.3,13.1
해양환경측정망,고흥연안7_연안,43690.41042,127.5475,34.45888889,151.2,32.35,24.46,3.02,11,7.65,8.18,240.4,2.1,4.1,9.2,1.5,11.6,0.47,0.3,19.9
해양환경측정망,고흥연안8_연안,43690.42292,127.5475,34.4225,131.2,32.12,26.37,2.37,10.2,8.12,8.19,179.2,1.4,4.1,3,2.5,4.4,0.56,0.1,16.4
해양환경측정망,광양만1_환경관리,43692.60417,127.67972,34.85139,195.7,29.84,28.82,7.56,45.4,9.35,8.45,27.5,0.4,8.3,2,1.2,25.9,3.77,23.6,45.4
해양환경측정망,광양만10_환경관리,43692.59167,127.71028,34.86361,209.5,29.92,28.58,6.64,34.5,9.08,8.31,65.2,0.6,13.1,1.6,2,74.7,2.85,72.5,34.5
해양환경측정망,광양만11_환경관리,43692.50347,127.7,34.91,194.2,30.17,27.15,5.52,30.3,8.49,8.24,119.1,1.5,6.3,1.5,3,70.8,2.36,67.7,30.3
해양환경측정망,광양만12_환경관리,43692.65486,127.82639,34.94,257.2,31.68,24.53,5,36.7,5.63,8.04,447.3,8.9,17.2,27.9,2,137.8,1.43,101,36.7
해양환경측정망,광양만2_환경관리,43692.53889,127.65056,34.88389,210.5,30.53,26.07,6.12,45.3,6.59,8.13,368.4,6.9,19.7,15,2.2,75.8,1.94,54,45.3
해양환경측정망,광양만3_환경관리,43692.5125,127.68222,34.90222,176.9,30.35,26.53,7.04,39.4,8.12,8.23,92.8,1.1,8.8,2.2,3,21.4,2.81,18.1,39.4
해양환경측정망,광양만4_환경관리,43692.64653,127.82333,34.92083,209.2,31.6,25.89,6.2,34.8,6.38,8.06,407.3,7.4,15.3,24.6,1.3,87.6,1.67,55.6,34.8
해양환경측정망,광양만5_환경관리,43692.45833,127.80111,34.83194,216.2,31.3,25.26,2.68,27,6.86,8.12,337.5,5.4,11.4,17.8,4,58.9,1.73,35.8,27
해양환경측정망,광양만6_환경관리,43692.47222,127.78889,34.86944,187.3,30.81,25.87,4.72,37,7.29,8.15,305.2,4.2,11.3,9.6,2.3,33.7,1.88,19.9,37
해양환경측정망,광양만7_환경관리,43692.63542,127.79889,34.90278,244.8,29.96,25.93,3.95,41,6,8.03,577.9,7.5,23.4,51,2.3,112.3,1.64,53.8,41
해양환경측정망,광양만8_환경관리,43692.48611,127.75972,34.89167,205.6,30.73,26.38,4.62,34.5,7.26,8.16,234.4,3.7,10.7,7.9,3,84.5,2.16,72.9,34.5
해양환경측정망,광양만9_환경관리,43692.5625,127.72389,34.9025,212.6,30.06,27.47,5.36,38.5,7.57,8.2,181.9,3.2,12.6,8.5,2.2,28.6,2.55,17,38.5
해양환경측정망,광양만H1_항만,43692.57986,127.7402778,34.8625,192.8,30.32,27.85,5.72,15.8,7.36,8.17,224.8,3.4,21.6,15.1,1.3,116.9,2.21,98.4,37.4
해양환경측정망,구룡포연안1_연안,43706.40972,129.5638889,35.98305556,116,31.89,24.84,1.47,3,6.97,8.14,165.5,1.2,2,8.6,9.5,11.2,1.22,1.4,10.5
해양환경측정망,구룡포연안2_연안,43706.39931,129.5880556,35.99777778,121.3,31.83,25.4,0.5,3.8,7.2,8.18,131,0.6,0.5,5.5,13,6.7,1.09,0.5,6.8
해양환경측정망,구룡포연안H1_항만,43706.41736,129.5563889,35.98555556,178.9,31.61,25.74,3.12,4.65,6.75,8.14,226.6,1.4,3.1,22.3,4.6,28.5,1.4,4.7,20.9
해양환경측정망,군산연안1_연안,43686.39236,126.7191667,35.99777778,812.7,26.3,28.49,3.01,17.3,4.62,7.83,1117.4,47.4,72.3,185.2,1,533,2.24,300.5,94.5
해양환경측정망,군산연안10_연안,43686.48611,126.4,35.97916667,229.7,30.42,26.28,5.52,5.2,8.63,8.23,425.3,0.9,15.1,2.5,2.2,55.7,2.72,52.4,36.9
해양환경측정망,군산연안2_연안,43686.37917,126.6644444,36,617.9,27.9,27.84,4.44,12.2,5.34,7.93,916.7,30.8,56.7,129.3,1,328.1,2.32,168.1,84.1
해양환경측정망,군산연안3_연안,43686.36458,126.6,35.97916667,567.5,28.92,27.43,4.64,7.8,5.65,8.01,705.2,15.7,46.4,143.7,1.9,286.2,2.13,126.7,77.4
해양환경측정망,군산연안4_연안,43686.35278,126.55,35.97916667,337.1,29.76,27.46,3.29,8,5.51,8.02,634.9,8.9,34.6,47.3,1.7,151.8,1.95,95.5,54
해양환경측정망,군산연안5_연안,43686.45139,126.5611111,36.01666667,380.4,30.12,28.02,4.76,6.5,5.75,8.04,814.1,5.4,31.6,22.6,2,72.5,2.06,44.6,54.6
해양환경측정망,군산연안6_연안,43685.70903,126.5088889,36.05833333,343.8,30.6,27.94,7.6,6.3,8.26,8.13,461.2,0.5,14.8,1,2.4,31.1,3.22,29.7,62.7
해양환경측정망,군산연안7_연안,43685.69444,126.4888889,36.11666667,240.2,31.02,27.35,3.11,7.8,6.75,8,384.9,0.9,14.6,2.5,2.8,72.7,2.05,69.3,35.5
해양환경측정망,군산연안8_연안,43686.43403,126.5,35.97916667,374.6,29.79,27.8,3.68,9,5.62,8.02,633.5,9.3,33.9,50.4,2,148.2,2.18,88.5,54.9
해양환경측정망,군산연안9_연안,43686.47222,126.45,35.97916667,215.6,30.49,27.47,6.72,6.8,7.06,8.12,429,1,15.3,2.4,2,21.4,2.07,18,34.4
해양환경측정망,기장연안1_연안,43698.49653,129.2802778,35.28333333,131.2,32.27,26.39,1.02,3,8.14,8.34,99.7,0.3,0,1.1,9.9,1.4,0.27,0,9.9
해양환경측정망,기장연안2_연안,43698.55069,129.2166667,35.16666667,132.8,31.92,26.39,1.03,7.9,7.92,8.35,144,0.4,0,1.8,8.8,2.5,0.59,0.3,8.1
해양환경측정망,기장연안3_연안,43698.48611,129.2916667,35.3,126.5,32.28,26.13,0.94,2.8,8.49,8.35,102.6,0.2,0,1.3,9.5,1.6,0.35,0.1,9.4
해양환경측정망,기장연안4_연안,43698.51042,129.2522222,35.265,156.9,32.24,26.26,1.12,4.5,8.26,8.35,95.8,0.4,0.2,2.1,7.2,2.7,0.43,0.2,9.8
해양환경측정망,기장연안H1_항만,43698.53264,129.2286111,35.22277778,178.9,32.3,25.73,5.14,9.4,8.68,8.34,73.2,0.4,1.5,1.6,4.5,5.9,1.69,3.9,17.2
해양환경측정망,낙동강하구1_하구역,43689.375,128.935,35.10722,852.8,8.09,28.67,12.72,8.1,7.08,7.42,921.3,47.6,17.5,720.8,3,827.3,3.7,58.8,28.4
해양환경측정망,낙동강하구10_하구역,43689.44583,128.91972,35.04472,656.7,21.28,28.05,14.88,6.3,7.41,8.06,1006.2,34.1,11.2,521.2,3.5,565.9,4.02,10.5,41.1
해양환경측정망,낙동강하구2_하구역,43689.38542,128.93167,35.09972,790.8,8.67,28.9,16.02,6.9,7.54,7.6,863.7,41.5,10.8,655.6,2.5,731.5,4.65,34.4,36.2
해양환경측정망,낙동강하구3_하구역,43689.39097,128.92889,35.08944,1068.7,10.02,28.73,9.22,8.6,6.99,7.63,911.6,46.8,16.1,686.7,3,933.5,3,200.1,32.3
해양환경측정망,낙동강하구4_하구역,43689.39583,128.92611,35.08167,942.9,13.14,28.63,12.78,9,7.32,7.68,965.6,41.6,12.4,636,3,772.7,4.47,95.1,42.2
해양환경측정망,낙동강하구5_하구역,43689.41319,128.95222,35.10417,844,21.53,28.01,4.96,5.6,6.22,7.76,761.7,36.6,26,426.6,2,530.2,3.21,67,49.4
해양환경측정망,낙동강하구6_하구역,43689.41806,128.95028,35.09389,792.2,19.45,28.06,6.44,6.5,5.9,7.86,849.9,46,42.3,460.5,2.5,655.3,3.88,148.8,53.6
해양환경측정망,낙동강하구7_하구역,43689.42569,128.94694,35.08611,761.4,16.73,28.23,5.74,5.8,6.26,7.89,802.1,48.3,30.7,507.8,2,646.2,3.49,90.1,33.4
해양환경측정망,낙동강하구8_하구역,43689.43194,128.94417,35.0775,888,15.71,28.53,16.56,10,7.4,7.93,1026.4,31,16.6,464.1,2.5,523.9,4.9,28.7,62.7
해양환경측정망,낙동강하구9_하구역,43689.4375,128.92528,35.06222,774.9,14.37,30.12,12.96,11.2,7.71,7.95,923.3,36,8.1,557.6,4,675.7,4.77,82.1,38.3
해양환경측정망,낙동강하구1_환경관리,43696.58681,128.92722,35.01278,115.8,32.17,26.5,0.81,9.3,8.22,8.32,134.8,0,0.1,0.5,8.9,1.5,0.27,1,9.3
해양환경측정망,낙동강하구2_환경관리,43696.57639,128.96667,34.97639,126.4,32.17,26.52,1.54,9.6,8.38,8.32,133.7,0.5,0,1.3,5.7,2.7,0.38,0.9,9.6
해양환경측정망,낙동강하구3_환경관리,43694.71319,128.90833,35,323.4,30.89,27.18,4.08,41.6,6.99,8.12,409.7,7,26.3,49.2,0.9,126.6,2.39,70.4,41.6
해양환경측정망,낙동강하구4_환경관리,43695.35764,128.86528,34.99583,200.1,31.36,26.14,6.32,26.2,8.08,8.28,111,3.1,4.6,12,2.1,25.6,2.38,10.5,26.2
해양환경측정망,남해도남안1_연안,43686.62569,127.8844444,34.53805556,91.6,32.15,27.43,0.71,3.6,8.29,8.19,131.5,0.2,0,1.3,10,1.7,1.67,0.2,9.8
해양환경측정망,남해도남안2_연안,43686.59722,127.9327778,34.63777778,85.3,32.24,27.67,0.54,6.6,8.24,8.2,105.1,0.5,0.6,0.7,11,1.2,3.01,0,6.9
해양환경측정망,남해도남안3_연안,43686.50347,128.0666667,34.61611111,101.6,32.24,27.42,0.39,3.5,8.36,8.2,92,0.1,0,1,10.5,4.8,1.21,3.7,8.8
해양환경측정망,남해도남안4_연안,43686.53611,127.9908333,34.71361111,121.3,32.18,26.4,1.02,4.6,8.41,8.18,93.9,0,0.9,1.4,5.5,1.8,1.45,0.4,12.8
해양환경측정망,남해도남안5_연안,43686.67708,127.7819444,34.55888889,143.3,31.65,26.72,1.15,3.5,8.6,8.21,108.2,0.8,1.6,4.6,9,8.8,2.02,3.4,15.2
해양환경측정망,대산연안1_연안,43683.41319,126.4755556,37.05222222,283.2,31.05,23.39,1.64,17.8,7.1,7.97,410.5,10.2,22.2,74.9,2.3,132.2,1.5,47.1,37.1
해양환경측정망,대산연안2_연안,43683.44792,126.3788889,37.04472222,263.6,31.5,22.14,2.83,9.3,7.4,8.03,306.7,7.4,16,49.2,2.1,86.2,1.43,29.6,31.5
해양환경측정망,대산연안3_연안,43683.43472,126.3736111,37.07916667,260.6,31.19,23.29,2.02,6.8,7.22,8.01,359,8.4,18.8,59.1,1.8,105.3,2.37,37.8,34
해양환경측정망,대산연안4_연안,43683.56181,126.2077778,37.07444444,232.4,31.39,21.96,2.04,7.8,7.63,8.04,229.8,7.7,15.3,46.1,3,78.3,1.45,24.5,27.4
해양환경측정망,대정연안1_연안,43690.27917,126.2516667,33.2025,162.2,31.6,25.31,0.42,6.9,7.76,8.14,302.9,2.4,4.1,5,7.2,7.4,1.38,0.1,12.2
해양환경측정망,대정연안2_연안,43690.26042,126.3275,33.22,145.4,31.15,26.62,0.45,7.1,7.89,8.21,236.3,0.5,1.3,1.3,9,1.9,2.97,0.1,9.7
해양환경측정망,대정연안3_연안,43690.29167,126.2027778,33.23777778,172.4,31.54,25.39,0.43,3.9,7.72,8.17,279.3,1.9,3.6,3.4,12.3,5.5,3.34,0.1,12
해양환경측정망,도암만1_환경관리,43686.60069,126.86472,34.42778,246.3,32.06,24.34,1.76,4.9,6.68,8.02,476.7,13.4,16.2,47.9,2.1,86,0.96,24.7,29.9
해양환경측정망,도암만2_환경관리,43686.43403,126.77222,34.45694,260.2,29.38,27.82,8.72,9.8,7.86,8.04,742,0.1,1.9,1.9,1.3,6.7,2.82,4.7,47.5
해양환경측정망,도암만3_환경관리,43686.41667,126.77139,34.48417,278.5,29.29,27.1,8.34,12.5,7.4,8,1058.7,0.1,6.7,1.6,1,7.8,2.38,6.1,50.6
해양환경측정망,도암만4_환경관리,43686.41667,126.77639,34.50611,271,29.38,26.97,15.72,11.6,6.69,7.99,1287.6,0.1,11,1.5,1,5.3,2.62,3.8,56.6
해양환경측정망,도암만5_환경관리,43686.40972,126.77361,34.53389,363.4,28.15,27.72,17.7,12.4,7.17,7.95,1890.3,4.8,26.2,33.8,0.9,41.9,2.62,3.3,74.6
해양환경측정망,도암만6_환경관리,43686.39583,126.77806,34.55944,345.7,28.17,28.33,22.5,18.1,8.7,7.85,1941.3,3,25.8,24.2,0.8,44.1,2.98,17,72.7
해양환경측정망,동해연안1_연안,43683.40069,129.135,37.53555556,96.5,33.46,23.48,0.74,15.2,8.54,8.19,163.9,0.3,2,1.3,8.8,1.7,1.07,0.1,10
해양환경측정망,동해연안2_연안,43687.30556,129.1547222,37.50305556,286.8,33.23,24.93,0.71,8.2,7.92,8.17,106.1,0.2,1.9,2.2,10.7,2.7,0.86,0.3,8.6
해양환경측정망,동해연안3_연안,43683.38889,129.1522222,37.52333333,113.8,33.53,24.04,0.73,9.2,8.35,8.2,94,0.4,1.7,0.7,9.3,1.7,1.14,0.5,10
해양환경측정망,동해연안4_연안,43683.44792,129.115,37.61138889,111.5,33.45,23.47,0.45,10.4,8.32,8,115.1,0.4,1.8,1.5,11.3,2.3,1.23,0.4,9.1
해양환경측정망,동해연안H1_항만,43683.41319,129.1152778,37.54666667,177.9,33.26,24.44,5.4,11.5,8.84,8.19,89.6,0.4,2.1,2.5,4,3.4,2.43,0.5,23.6
해양환경측정망,동해연안H2_항만,43687.32986,129.1402778,37.49666667,182.2,32.4,23.66,7.04,7.5,8.62,8.14,79.1,0.4,2,17,4,112.4,1.57,94.9,20.5
해양환경측정망,득량만1_환경관리,43690.65278,127.21861,34.70667,256.1,31.41,26.81,2.72,43.4,6.6,7.94,583.7,3.6,21.1,7.2,0.7,75.9,1.36,65.1,43.4
해양환경측정망,득량만2_환경관리,43690.625,127.13944,34.63944,212.4,31,27.83,3.84,30,7.83,8.08,361.8,1.4,8.5,2.4,5,37.6,1.86,33.8,30
해양환경측정망,득량만3_환경관리,43690.57431,127.05083,34.52167,152.6,31.52,27.2,3.22,21.6,8.32,8.17,113.6,0.3,2.9,1.3,4.5,2.5,1.17,0.9,21.6
해양환경측정망,득량만4_환경관리,43690.59444,127.03111,34.595,262.8,30.68,29.11,2.5,45.2,6.63,7.98,563.7,3.5,22.5,10.5,1.2,102.7,1.08,88.7,45.2
해양환경측정망,득량만5_환경관리,43690.55972,127.04111,34.48389,159.6,31.78,26.77,2.38,19,8.67,8.18,84,0.4,0.8,1.2,3,8.3,1.51,6.8,19
해양환경측정망,마산만1_환경관리,43695.56806,128.58333,35.19583,235.5,30.88,28.21,8.5,40.3,11.94,8.45,15.9,0.3,1.5,0.1,2.3,21.5,3.09,21,40.3
해양환경측정망,마산만10_환경관리,43695.52431,128.57472,35.19444,290.5,30.47,28.26,9.4,51.9,12.67,8.48,16.6,0.3,1.9,0.3,1.3,0.7,5.1,0.1,51.9
해양환경측정망,마산만11_환경관리,43695.52986,128.57694,35.19889,275.6,30.62,27.69,8.85,51.7,12.1,8.41,14.9,0.3,2.5,0.4,1.2,0.9,2.89,0.2,51.7
해양환경측정망,마산만12_환경관리,43695.5375,128.58056,35.20139,243.2,30.98,27.6,11.65,46.8,11.19,8.41,33.1,0.3,2.3,0.3,0.9,12.3,3.62,11.7,46.8
해양환경측정망,마산만13_환경관리,43695.54167,128.58639,35.20611,246.3,31.07,27.86,9.8,49.1,10.5,8.36,102.7,0.6,10.8,2.8,1.3,52.2,2.39,48.8,49.1
해양환경측정망,마산만14_환경관리,43695.54861,128.58694,35.20917,268.8,30.45,28.52,10.7,52.1,10.34,8.35,78.7,0.6,10.4,2.8,1.2,36.1,2.84,32.8,52.1
해양환경측정망,마산만15_환경관리,43695.55556,128.59639,35.2075,254.9,30.07,28.56,10.6,52.9,12.19,8.49,35.2,0.4,2.5,0.8,1.1,9.3,3.29,8,52.9
해양환경측정망,마산만2_환경관리,43695.47361,128.60417,35.14722,215.5,31.34,27.55,4.51,32.1,9.37,8.33,78.6,0.4,1.6,0.7,3.4,24.6,3.1,23.5,32.1
해양환경측정망,마산만3_환경관리,43695.48472,128.58972,35.1675,242.3,31.17,27.45,6.9,37.6,10.05,8.33,114.3,0.9,6.9,2.6,2.2,30.5,3.27,27,37.6
해양환경측정망,마산만4_환경관리,43695.51042,128.57639,35.17778,241.1,30.99,27.41,8.65,37.8,12.15,8.45,30.7,0.3,2.1,0.5,1.9,9.1,4.75,8.3,37.8
해양환경측정망,마산만5_환경관리,43694.37361,128.6025,35.14167,258.1,31.25,26.64,2.82,38.1,7.41,8.21,208.7,2.9,10.1,19.9,6.5,78.6,1.49,55.8,38.1
해양환경측정망,마산만6_환경관리,43695.58958,128.60944,35.11556,177.4,31.34,27.67,5.08,26.3,9.42,8.33,77,0.3,2.6,2,4.8,19.9,1.46,17.7,26.3
해양환경측정망,마산만7_환경관리,43695.40278,128.66694,35.08083,152.4,31.66,26.28,2.28,27.5,7.71,8.25,193,1.4,7.1,4.9,4.2,24.9,1.83,18.6,27.5
해양환경측정망,마산만8_환경관리,43695.3875,128.72111,35.04889,157.4,31.67,26.09,2.08,26.5,7.54,8.24,175.3,1.7,6.6,6.6,5.4,19,2.05,10.7,26.5
해양환경측정망,마산만9_환경관리,43695.51875,128.565,35.18444,288.2,30.25,28.38,9.4,51.2,13.23,8.53,15.1,0.3,1.2,0.2,1.5,14.2,5.34,13.7,51.2
해양환경측정망,마산만H1_항만,43695.56111,128.5938889,35.20555556,287.9,30.88,27.56,9.55,11.33,8.98,8.3,115.5,0.2,10.6,2.2,1.6,61.3,2.76,58.9,47.6
해양환경측정망,목포연안1_연안,43685.53472,126.425,34.78027778,365,29.02,24.57,12.78,5.8,10.89,8.29,241.9,12.6,0.6,40.5,1.2,56.2,3.47,3.1,33.4
해양환경측정망,목포연안2_연안,43685.41319,126.3805556,34.84444444,351.9,30.36,26.19,4.9,20.4,7.83,8.01,422.3,21.3,13.8,116,0.6,156.3,1.68,19,35.4
해양환경측정망,목포연안3_연안,43685.4375,126.35,34.78972222,414.5,30.41,25.12,16.86,6.5,10.99,8.3,58.4,16.8,0,59.7,1.5,81.2,3.58,4.8,23.7
해양환경측정망,목포연안4_연안,43685.58681,126.3419444,34.75916667,289.7,31.01,24.18,9.26,15.5,9.02,8.13,154.2,12.7,0.1,45,1.5,62.3,2.08,4.6,20.6
해양환경측정망,목포연안5_연안,43685.54514,126.4377778,34.78777778,307.2,28.7,24.28,7,5.3,13.22,8.41,219.2,0.5,2.1,1.2,1.5,12.3,4.19,10.6,30.9
해양환경측정망,목포연안6_연안,43685.52778,126.4016667,34.77861111,444.9,27.92,25.18,9.72,4,12.11,8.35,168,16.5,0,64.4,1.6,82.8,4.06,1.8,30.7
해양환경측정망,목포연안7_연안,43685.44444,126.3655556,34.77861111,506.6,29.58,25.3,10.66,7.6,11.58,8.43,43,19.5,0,115.8,1.3,145.9,4.4,10.6,24
해양환경측정망,목포연안8_연안,43685.59722,126.3405556,34.77722222,316.1,30.54,25.4,1.6,8.3,7.66,8.04,193.6,11.3,2.7,64.9,0.9,84.3,1.42,8.1,28.1
해양환경측정망,목포연안H1_항만,43685.47917,126.3886111,34.78527778,467.1,28.62,25.22,0.92,8.2,9.58,8.21,17.7,22.5,2.7,71.7,1.9,98.8,4.08,4.7,27.1
해양환경측정망,목포연안H2_항만,43685.47222,126.3805556,34.77888889,583.6,29.62,24.8,5.38,8,11.3,8.24,43.9,23.9,0.1,100.2,1.8,147.8,5.6,23.6,53.2
해양환경측정망,무안연안1_연안,43685.39931,126.3788889,34.90555556,375.6,30.2,26.59,1.97,46.7,7.79,7.91,498.5,24.5,22.3,126.7,1.3,183.3,1.58,32.2,33.8
해양환경측정망,무안연안2_연안,43685.6875,126.2891667,35.01111111,322.2,30.6,28.27,1.89,41.9,6.43,7.98,541.2,26.3,18.3,115.8,1.1,144.8,2.08,2.7,31.9
해양환경측정망,무안연안3_연안,43685.66667,126.2380556,34.87888889,304.4,31.3,26.29,2.34,19.1,7.08,7.9,384.3,16,16.9,95.4,0.7,111.7,2.18,0.4,32.4
해양환경측정망,보령연안1_연안,43685.49653,126.5,36.35194444,68.3,31.38,26.58,3.04,11.3,7.13,8.08,268.5,1.7,12.9,3.9,3.2,24.1,2.06,18.5,31.2
해양환경측정망,보령연안2_연안,43685.47083,126.5,36.30611111,82.4,31.36,27.02,3.26,7.8,7.25,8.07,335.8,1.6,13.6,5.1,1.9,23.2,1.98,16.6,36.1
해양환경측정망,보령연안3_연안,43685.65833,126.4916667,36.24583333,74.6,31.32,27.1,4.92,8.7,7.6,8.06,342.3,0.9,11.7,1.7,2.9,6.7,1.98,4.1,35.3
해양환경측정망,보령연안4_연안,43685.67361,126.4661111,36.18777778,81.8,31.12,27.15,4.08,5.5,7.25,8,348.4,0.7,13.1,1.5,2.7,7.9,2.32,5.7,36.1
해양환경측정망,보령연안H1_항만,43685.4875,126.5088889,36.33166667,254.1,31.38,27,4.62,14,7.05,8.08,331.1,1.5,14.9,6.7,2,25,2.01,16.8,36.1
해양환경측정망,부산신항H1_항만,43694.70486,128.8013889,35.07444444,202.6,31.24,26.08,6.32,12.6,8.48,8.25,198.5,3.8,7.5,15.3,0.8,40.3,2.13,21.2,31.3
해양환경측정망,부산연안1_환경관리,43698.57014,129.16944,35.14722,271,31.74,26.65,3.7,15.1,8.43,8.36,155.2,1.3,0.3,18.5,6,26.1,0.67,6.3,15.1
해양환경측정망,부산연안10_환경관리,43696.45139,129.00722,35.0525,183.9,32.01,28.55,3.34,21.8,9.35,8.35,85.7,1.1,3.1,7.5,3.8,18.8,1.25,10.1,21.8
해양환경측정망,부산연안11_환경관리,43696.49792,128.98833,35.04833,173.5,31.87,26.82,5.24,23.5,9.38,8.36,55.9,0.6,0.5,0.8,2.9,1.8,1.25,0.4,23.5
해양환경측정망,부산연안12_환경관리,43698.63889,129.11306,35.10028,151.4,31.9,26.58,2.56,13.3,8.25,8.35,143.9,0.3,0.4,1,7.5,5.9,1.11,4.6,13.3
해양환경측정망,부산연안13_환경관리,43698.61806,129.11667,35.13556,268.6,31.63,26.52,15.44,33.6,10.97,8.45,28.2,2.2,0.6,6.5,2.1,27.6,2.2,18.8,33.6
해양환경측정망,부산연안14_환경관리,43698.60139,129.13528,35.15917,334.2,31.42,26.15,13.32,30.1,9.31,8.37,124.6,7.9,4.4,91.3,1.9,149.9,1.93,50.7,30.1
해양환경측정망,부산연안15_환경관리,43698.62847,129.13806,35.11806,123,31.92,26.19,1.55,10.6,8.09,8.35,171.2,0.6,0.3,4.4,6.3,9.3,1.1,4.4,10.6
해양환경측정망,부산연안16_환경관리,43698.58681,129.13806,35.13361,120.2,31.83,26.61,1.79,9.9,8.12,8.35,126.4,0.3,0.4,1.1,7,1.9,1.21,0.5,9.9
해양환경측정망,부산연안17_환경관리,43698.57986,129.155,35.13361,98.8,31.84,26.61,1.72,8.5,8,8.35,153.2,0.3,0.2,0.8,7.9,1.1,0.94,0.1,8.5
해양환경측정망,부산연안2_환경관리,43698.59444,129.14056,35.14806,172,31.77,26.59,5.48,14.5,8.84,8.37,130.5,0.6,0,7.7,5.9,33.5,1.16,25.2,14.5
해양환경측정망,부산연안3_환경관리,43698.60903,129.12639,35.14611,221.8,31.68,26.29,10.64,21.4,9.82,8.41,88.3,1.3,0.5,24,3.8,33.4,1.61,8.1,21.4
해양환경측정망,부산연안4_환경관리,43698.41667,129.09278,35.08583,131.5,31.92,25.98,1.64,10,7.99,8.34,170.5,0.4,0.7,2.2,7,8.9,0.4,6.3,10
해양환경측정망,부산연안5_환경관리,43696.40069,129.04583,35.0475,118.3,32.05,26.34,2.12,12.3,8.24,8.34,92.2,1,0.3,5,6.7,6.1,1.84,0.1,12.3
해양환경측정망,부산연안6_환경관리,43696.48611,129.01222,35.03472,140.5,31.82,25.98,5.36,18.9,8.63,8.32,102.4,0.6,1.3,1,3.9,8.6,0.4,7,18.9
해양환경측정망,부산연안7_환경관리,43696.66042,129.12056,35.07222,162.9,32.53,23.6,5.08,20.9,8.58,8.29,207.9,1.9,5.6,25.8,2.2,28.4,0.34,0.8,20.9
해양환경측정망,부산연안8_환경관리,43698.40833,129.07639,35.09889,152,32.13,25.49,4.46,15.4,8.55,8.34,85.7,0.8,0.6,4,4.2,9.1,1.83,4.3,15.4
해양환경측정망,부산연안9_환경관리,43696.41111,129.03306,35.07222,140.9,31.9,26.4,2.42,15.8,8.35,8.31,83.5,0.4,0.5,1.6,5.4,2.7,0.93,0.7,15.8
해양환경측정망,부산연안H1_항만,43696.69236,129.0577778,35.11055556,173.9,31.98,26.39,11.72,5.5,8.15,8.14,195.9,1.7,5.1,15.4,3.1,29,0.69,11.9,22.6
해양환경측정망,부산연안H2_항만,43696.42014,129.0325,35.08472222,189.7,32.04,26.67,4.52,14.1,8.73,8.31,182.5,2.1,6,15.9,2.1,34.4,0.83,16.4,29.7
해양환경측정망,부산연안H3_항만,43696.45833,129.0022222,35.06583333,271.3,32.06,26.17,8.52,11.9,8.76,8.28,184.5,3.9,8.4,21.6,1.8,64,1.14,38.4,44.1
해양환경측정망,부산연안H4_항만,43696.68542,129.0638889,35.12333333,181.4,32.01,26.15,16.8,9.1,7.92,8.28,109,1.2,3,3.8,4.4,8.7,0.22,3.6,18
해양환경측정망,부산연안H5_항만,43696.7,129.0483333,35.10361111,155,31.88,26.38,3.24,4.75,8.57,8.32,59.4,0.1,0.4,1.8,4.8,2.1,1.06,0.2,14.8
해양환경측정망,부산연안H6_항만,43696.42708,129.0294444,35.09305556,251.6,32.09,28.53,2.8,9.5,7.17,8.23,293.6,2.4,16.1,12.7,2.8,61.4,0.69,46.2,42.1
해양환경측정망,부산연안H7_항만,43696.46875,128.9955556,35.08111111,194.4,32.04,27.78,6.04,8.4,8.78,8.32,86.8,0.5,2.3,5.6,3,11.2,1.12,5.1,28.7
해양환경측정망,부산연안H8_항만,43696.52153,128.9816667,35.05472222,223.6,31.93,27.69,7.04,11.7,8.41,8.29,152,0.9,4.8,3.7,2.1,5.3,1.3,0.7,33.5
해양환경측정망,사천연안1_연안,43692.75,128.0513889,34.90444444,73.9,32.08,25.36,2.5,6.3,6.99,8.13,262.4,1.9,11.7,6.2,4,17.4,1.2,9.3,20
해양환경측정망,사천연안2_연안,43693.34931,128.1,34.90888889,120.2,32.11,25.43,0.99,5.1,7.08,8.13,279.1,2.1,12.2,9.4,4.1,32.4,1.14,20.9,27.2
해양환경측정망,사천연안3_연안,43693.37014,128.125,34.875,95.9,32.21,26.24,0.39,9.6,8.12,8.26,46.3,0.4,1.4,1.3,9,6.1,1.21,4.4,14.2
해양환경측정망,사천연안4_연안,43693.36181,128.1244444,34.89277778,102.8,32.25,25.7,8.3,8.8,7.83,8.21,143.2,0.6,4.7,1.8,5.8,5.7,1.27,3.2,17.3
해양환경측정망,사천연안H1_항만,43693.33681,128.0825,34.92,137.6,32.12,25.53,1.23,11.6,6.7,8.11,291.1,3.6,13.1,12.7,2.8,32.1,1.6,15.9,30.3
해양환경측정망,삼척연안1_연안,43686.68056,129.2475,37.39916667,76.7,33.14,26.34,0.57,9.1,7.96,8.19,83,0,1.3,0.7,8,14.1,1.58,13.4,8.2
해양환경측정망,삼척연안2_연안,43686.69792,129.2022222,37.43,174.4,31.84,26.85,1.87,8.1,8.42,8.19,99.3,0.1,1.4,48.3,4.9,49.6,1.26,1.2,11.2
해양환경측정망,삼척연안3_연안,43686.69444,129.2130556,37.42638889,122.2,32.88,27.34,0.88,8.3,8.06,8.2,49.5,0.2,1.5,0.5,6,1.7,2.8,1,9.8
해양환경측정망,삼척연안4_연안,43687.42083,129.3669444,37.23333333,116.3,33.16,23.44,1.2,11.2,8.28,8.2,96.4,0.1,1,0.6,8,1.6,1.52,0.9,8.3
해양환경측정망,삼척연안H1_항만,43686.72917,129.1916667,37.43555556,448.5,30.68,25.16,4.76,14.1,8.76,8.18,339.6,1.9,3.8,288.1,3,295,1.87,5,20.6
해양환경측정망,삼척연안H2_항만,43687.40972,129.3444444,37.22777778,186,32.92,22.96,2.34,6.4,7.43,8.13,179.5,1,2.6,18.5,5.8,51.1,1.1,31.6,18
해양환경측정망,서귀포연안1_연안,43690.63681,126.6611111,33.2625,193.1,31.46,26.75,0.62,7.9,7.49,8.17,379.8,4.2,2.6,4.6,14.8,9.1,1.26,0.2,11.7
해양환경측정망,서귀포연안2_연안,43690.24167,126.4125,33.22944444,124.7,31.35,26.43,0.38,8,8.12,8.14,261.4,0.3,1.5,2.6,6.9,3,1.16,0.1,9.8
해양환경측정망,서귀포연안3_연안,43690.67222,126.5669444,33.22944444,129.5,31.48,27.35,0.49,5.6,7.56,8.2,267.7,1.3,2,1.1,10.4,2.6,1.18,0.2,9.6
해양환경측정망,서귀포연안H1_항만,43690.66597,126.5652778,33.23638889,598.7,28.66,26.99,4.16,4.6,8.19,8.12,1190.5,6.6,14.1,33.3,2.4,52.3,1.71,12.4,29
해양환경측정망,서귀포연안H2_항만,43690.66111,126.56,33.24027778,1397.4,26.2,26.78,4.88,4.2,7.52,8.09,1243.7,8.4,40.6,118.3,2.3,165.4,1.96,38.7,47.2
해양환경측정망,섬진강하구1_하구역,43691.45069,127.77,35.0425,822.3,15.08,28.06,4.2,3,8.42,8.21,2895.4,6.8,33.1,506.4,1.5,580.4,2.1,67.3,53.7
해양환경측정망,섬진강하구10_하구역,43691.48056,127.77639,34.92667,196.7,28.89,27.06,2.28,4.1,7.07,8.3,519.5,3.9,15.1,41.9,2,73.6,1.91,27.7,26.8
해양환경측정망,섬진강하구2_하구역,43691.45556,127.77778,35.02583,709.9,18.88,28,4.8,4.2,8.51,8.34,2246.7,7.1,33.4,370.2,1.5,495.3,2.07,118,59.8
해양환경측정망,섬진강하구3_하구역,43691.46597,127.78639,35.01667,556.1,17.5,27.98,3.96,4.3,7.36,8.2,2278,7.3,33.9,368.3,2,496.3,2.01,120.7,41.7
해양환경측정망,섬진강하구4_하구역,43691.47014,127.77778,34.99,647.1,20.66,27.79,3.64,4.9,7.43,8.28,2151.6,7.3,33.5,327.8,2,423.6,1.94,88.5,57.6
해양환경측정망,섬진강하구5_하구역,43691.50278,127.77306,34.98361,490.3,16.67,28.01,3.88,6.2,7.22,8.16,2002.2,7.2,33.3,301.3,2.5,383,1.93,74.5,43
해양환경측정망,섬진강하구6_하구역,43691.49792,127.7625,34.97222,572.2,17.72,28.03,2.96,3.2,7.56,8.08,2070,7.4,33.4,313.1,2.5,409.6,3.89,89,52.2
해양환경측정망,섬진강하구7_하구역,43691.49514,127.75056,34.95778,359.9,25.19,27.77,3.74,5.4,7.58,8.11,1225.7,6.6,27.2,149.3,2.5,218.1,2.28,62.2,42.6
해양환경측정망,섬진강하구8_하구역,43691.48819,127.77222,34.95278,481.5,22.56,27.64,3.52,6.6,6.52,8.18,1354.5,6.4,28.3,178.9,2.5,227.7,2.26,42.4,56.7
해양환경측정망,섬진강하구9_하구역,43691.47639,127.77111,34.94083333,568.4,28.08,26.97,3,5.3,7.12,8.36,1181.8,5.9,27.2,145.1,2,220.7,2.37,69.8,54.7
해양환경측정망,성산연안1_연안,43690.55556,126.9386111,33.48,140.3,31.29,26.84,0.2,7.1,7.79,8.19,294.2,0.8,2.7,0.9,10,2.3,2.04,0.6,8.6
해양환경측정망,성산연안2_연안,43690.57153,126.9386111,33.41138889,137.8,30.52,28.42,0.19,7.8,7.62,8.23,164.8,0,1.4,0.5,15.6,0.7,4.19,0.2,7.2
해양환경측정망,성산연안H1_항만,43690.54792,126.9275,33.47083333,326.7,30.65,27.24,26.28,5.3,8.22,8.13,1134.7,8.7,9.5,11.1,2.5,51.7,2.68,31.9,24.6
해양환경측정망,속초연안1_연안,43685.73958,128.605,38.19972222,109.3,33.23,23.98,2.17,9.7,7.96,8.14,141.8,0.4,2.6,1.8,8.2,11.8,2.12,9.6,10
해양환경측정망,속초연안2_연안,43686.34375,128.6116667,38.21361111,90.3,33.19,23.97,0.83,7.2,7.74,8.17,119,0.7,2.6,3.8,11.5,11.8,0.5,7.2,6.4
해양환경측정망,속초연안3_연안,43686.34931,128.6136111,38.22083333,111.9,33.32,23.29,0.49,4.3,7.78,8.17,94.7,0.4,2.7,1.4,12.1,30.7,0.73,28.9,6.8
해양환경측정망,속초연안4_연안,43685.69792,128.6655556,38.1175,125.8,32.64,26.55,0.74,7.1,7.64,8.04,168.6,0.4,3.9,4.9,8.8,6.6,0.65,1.3,7.6
해양환경측정망,속초연안H1_항만,43686.33333,128.5977778,38.20888889,127.6,32.06,25.45,3.24,5.3,7.33,8.14,229,1.6,2.5,20.6,4.1,47.2,0.95,25,16.3
해양환경측정망,속초연안H2_항만,43685.75,128.5883333,38.19722222,318.8,29.44,27.21,7.48,9,8.14,7.97,308.8,3.6,9,47.6,2.8,111.6,2.34,60.3,32.6
해양환경측정망,시화호1_환경관리,43682.41806,126.71194,37.29694,533.4,28.72,27.85,17.44,10.6,5.83,7.97,1727.2,24.7,49.8,164.8,0.5,194.4,4.03,5,103.5
해양환경측정망,시화호10_환경관리,43682.49097,126.61528,37.30833,433.5,29.82,26.1,30.72,18,8.12,8.12,665.9,2.5,24.1,26.6,0.5,164.4,5.54,135.3,82.6
해양환경측정망,시화호2_환경관리,43682.46042,126.66722,37.30083,444.5,29.95,25.89,35.28,15,5.48,8.1,1186.8,2,40.5,12.3,0.8,149.7,4.59,135.5,89.2
해양환경측정망,시화호3_환경관리,43682.50139,126.60306,37.29139,506.1,30.16,25.69,6.8,23,4.25,7.82,734.4,17.1,40.3,120.7,1.3,270.3,3.15,132.5,77.6
해양환경측정망,시화호4_환경관리,43682.39028,126.78139,37.2925,1258.6,23.03,29.49,5.64,12.6,3.19,7.53,3375.1,110.5,202.6,612.9,0.7,1066.3,4.61,343,202.8
해양환경측정망,시화호5_환경관리,43682.39861,126.75611,37.29333,836.1,26.98,29.12,6.8,12.4,3.54,7.74,1718.5,37.7,89.8,266.9,0.8,450,3.36,145.4,153.2
해양환경측정망,시화호6_환경관리,43682.47014,126.65667,37.31667,469.8,30.1,25.67,38.4,22,6.64,8.12,951.6,2.7,32.7,49.5,1,184,4.74,131.8,90.7
해양환경측정망,시화호7_환경관리,43682.43056,126.72028,37.30167,541.1,29.79,26.21,30.96,15,4.7,8,1444.3,18.8,45.4,87.1,0.5,197.7,4.64,91.8,103.8
해양환경측정망,시화호8_환경관리,43682.44792,126.68306,37.31083,555.8,29.95,25.93,24.84,23.6,5.09,7.95,1428,23.7,34.4,117.7,0.7,256.6,4.21,115.3,99.7
해양환경측정망,시화호9_환경관리,43682.48125,126.63167,37.28833,435.7,29.89,25.83,16.68,25,6.23,7.52,703,16.6,16.2,116.4,0.6,271.4,3.38,138.3,75.6
해양환경측정망,신안연안1_연안,43685.65278,126.2677778,34.80611111,295.3,31.39,24.49,1.2,6.1,7.01,8.01,338.6,15.1,14.4,92.1,1.2,110.9,1.07,3.6,25.8
해양환경측정망,신안연안2_연안,43685.63889,126.2263889,34.71916667,285.4,31.46,24.52,1.22,6.7,7.61,8.03,326.1,12.9,14.7,88.3,1.6,103.2,1.17,2,22.7
해양환경측정망,신항연안1_환경관리,43696.6,128.82333,35.07361,116.2,32.11,26.92,0.71,8.3,8.22,8.32,150.3,0.3,0.2,0.8,7.2,1.4,0.35,0.2,8.3
해양환경측정망,신항연안2_환경관리,43696.54861,128.77833,35.06861,110.2,32.13,26.84,0.5,8.6,8.14,8.3,181.2,0.5,0,0.5,11,12.1,0.03,11.1,8.6
해양환경측정망,아산연안1_연안,43682.53125,126.4125,37.20416667,352.2,30.83,24.85,1.86,32.5,6.82,7.92,507.1,12.5,31.4,88.6,0.9,190.8,2.89,89.7,46.4
해양환경측정망,아산연안2_연안,43682.54653,126.4583333,37.16805556,376.3,30.79,25.1,2.59,12,6.69,7.92,612.8,11.6,32.6,89.7,1.1,205.6,3.04,104.3,53.8
해양환경측정망,아산연안3_연안,43682.60069,126.5194444,37.08888889,335.8,30.9,23.49,1.7,6.2,6.92,7.94,534.2,11,26.8,83.4,2.1,169.7,3.81,75.3,43.1
해양환경측정망,아산연안4_연안,43682.65625,126.7452778,37.00555556,619.7,29.34,26.32,2.6,10,5.79,7.81,1018.9,21.6,52.9,180.4,0.9,408.8,2.31,206.8,76.7
해양환경측정망,아산연안5_연안,43682.62847,126.6472222,37.09027778,448.8,30.35,25.47,2.3,7.5,6.58,7.9,762.7,14.6,37.7,116.7,1.9,245.2,1.76,113.9,56.9
해양환경측정망,아산연안H1_항만,43682.67569,126.8333333,36.95916667,716.8,29,27.22,1.52,7.5,6.38,7.86,1083,19.9,50.9,260.3,1.5,448.7,4.19,168.5,78.7
해양환경측정망,양양연안1_연안,43686.42569,128.7502778,38.0125,126.4,33.12,25.48,0.45,5.6,7.63,8.16,95.5,0.8,3.9,0.7,14.2,1.4,0.76,0,7.7
해양환경측정망,양양연안2_연안,43686.44931,128.8016667,37.94972222,122.2,33.14,25.71,0.51,7.5,7.51,7.9,120.9,0.5,4.4,4.8,12.8,5.4,1.66,0.1,7.3
해양환경측정망,양양연안3_연안,43686.39236,128.7086111,38.08111111,104.7,32.65,25.33,0.38,4,7.64,7.98,133,1.1,3.9,4.1,15.4,14.7,0.93,9.5,5.9
해양환경측정망,양양연안4_연안,43686.40625,128.7130556,38.05194444,142.2,33.15,25.45,0.89,12.1,7.69,8.02,139.3,0.9,3.9,1.2,14.5,2.6,0.81,0.4,9.3
해양환경측정망,여수연안1_연안,43692.38889,127.7661111,34.73555556,326.4,30.95,26.47,1.19,4.3,7.31,8.15,203.9,2.3,7.6,6.7,5,22.2,1.92,13.2,32.1
해양환경측정망,여수연안2_연안,43692.42569,127.7613889,34.76277778,301.6,30.75,26.61,1.94,4.3,7.56,8.18,167.2,1.3,5.9,3.1,5,57.9,1.83,53.5,29
해양환경측정망,여수연안3_연안,43692.43819,127.8052778,34.76444444,181.7,30.83,26.22,2.54,6.6,7.3,8.15,249.7,3.2,7.8,7.3,4.3,20.1,1.5,9.6,28.7
해양환경측정망,여수연안4_연안,43686.57222,127.845,34.69055556,141.2,31.41,25.35,1.31,4.5,9.18,8.22,66.1,0.6,1.6,0.7,7,40.7,1.66,39.3,17.7
해양환경측정망,여수연안5_연안,43686.65625,127.8069444,34.62,147.4,31.25,27.16,0.37,5.2,9.28,8.25,38.2,0.5,0,1.6,5,10,1.29,7.9,14.8
해양환경측정망,여수연안H1_항만,43692.40625,127.7558333,34.74722222,263.6,30.85,27.26,2.36,5.1,8.01,8.22,47.5,0.8,3.2,1.2,4.9,95.4,1.84,93.4,25.9
해양환경측정망,여수연안H2_항만,43692.41667,127.7527778,34.75138889,167.6,30.88,27.16,2.32,6.75,7.91,8.2,75.2,0.8,3.2,1.5,4.1,119.9,1.68,117.6,24.3
해양환경측정망,여수연안H3_항만,43692.40069,127.7572222,34.74305556,177.9,30.85,27.23,2.2,6.2,7.85,8.21,50.1,0.5,3.6,1.5,3,22.1,1.91,20.2,26.3
해양환경측정망,여자만1_연안,43687.48333,127.4877778,34.80416667,246.6,27.35,29.95,8.72,12,8.7,8.17,175.6,0.2,4.4,1.1,1,4.6,2.97,3.3,46.8
해양환경측정망,여자만2_연안,43687.46667,127.4444444,34.76805556,221.1,28.58,30.13,1.91,6.3,8.46,8.2,256,0,1.3,0.9,2,55.8,1.9,54.9,25
해양환경측정망,여자만3_연안,43687.44097,127.5222222,34.6775,169,30.18,28.64,0.53,2.8,8.55,8.19,136.5,0.6,4.5,0.8,8,116.3,2.3,114.9,19.4
해양환경측정망,영일만1_연안,43689.38681,129.3925,36.04138889,383.8,32.54,24.94,10.6,9.1,8.65,8.34,351.5,11.1,3.4,144.4,2.6,163.8,2.77,8.3,28.4
해양환경측정망,영일만10_연안,43689.52292,129.48,36.07694444,138.6,33.34,24.58,0.63,6,8.54,8.07,30.5,1,1.1,1.1,9.5,4.4,0.83,2.3,10.4
해양환경측정망,영일만11_연안,43689.53472,129.5127778,36.06555556,139.3,33.09,25.27,0.91,7.1,8.65,8.34,28.9,0.7,1.6,1.1,6.8,6.1,1.58,4.3,12.9
해양환경측정망,영일만12_연안,43689.55625,129.4833333,36.13444444,94.1,33.1,24.89,0.93,7.8,8.87,7.98,27.1,0.5,1.2,1,8.1,4.1,1.01,2.5,11.7
해양환경측정망,영일만2_연안,43689.41458,129.43,36.0125,150.4,32.45,25.56,2.9,8.6,9.26,8.35,22,0.6,3.4,1.6,3.9,17.8,1.55,15.6,15.4
해양환경측정망,영일만3_연안,43689.42222,129.4383333,36.00777778,103.2,32.8,25.39,1.27,9.5,9.02,8.25,16.2,0.3,2.1,1.2,9,9.8,1.09,8.3,11.6
해양환경측정망,영일만4_연안,43689.43264,129.4466667,36.00666667,153.1,32.8,25.47,1.9,8.4,9.52,8.34,12.5,0.4,2.4,1.3,5.3,11.6,1.49,10,13.1
해양환경측정망,영일만5_연안,43689.44236,129.4697222,36.02944444,130.8,33.31,24.37,2.06,7.6,8.87,8.3,53.6,0.9,1.7,1.4,7.7,11.8,1.44,9.5,13.5
해양환경측정망,영일만6_연안,43689.45139,129.4511111,36.04055556,118.5,33.36,24.46,0.68,9.1,8.52,8.27,19.9,0.5,1.3,1,8.4,6,1.07,4.4,11.3
해양환경측정망,영일만7_연안,43689.46181,129.4319444,36.05333333,127.4,33.27,24.83,0.87,10.2,8.58,8.3,19.3,0.6,1.2,2,9.5,5.3,1.71,2.6,11.1
해양환경측정망,영일만8_연안,43689.47014,129.4186111,36.06027778,127.6,31.71,26.33,0.71,7.7,8.53,8.3,20.5,0.7,1.5,3.1,4.8,11.8,1.1,8,11.3
해양환경측정망,영일만9_연안,43689.48125,129.45,36.08805556,102.3,33.59,24.21,0.36,7,8.64,8.29,12.8,0.4,2.1,1,9.9,9.2,1.07,7.8,9
해양환경측정망,영일만H1_항만,43689.37847,129.3777778,36.05,395.7,29.78,24.58,3.43,8,8.61,8.25,171.9,8.1,3.4,111.2,2.3,129.1,2.4,9.8,29.5
해양환경측정망,영일만H2_항만,43689.40486,129.4133333,36.02388889,242.8,32.64,25.64,2.45,8.25,8.57,8.3,47.5,0.6,2.2,4.6,3.4,15.7,2.35,10.6,16.7
해양환경측정망,온산연안1_환경관리,43707.46875,129.35806,35.45333,336,31.62,23.96,1.64,36.7,6.21,8.08,464.1,9.6,24.9,150.2,2.5,231.3,1.22,71.6,36.7
해양환경측정망,온산연안2_환경관리,43706.65972,129.3575,35.38,116.3,32.22,24.56,3.2,11.1,7.46,8.18,82.8,0.9,0.9,1.8,7,13.3,1.05,10.7,11.1
해양환경측정망,온산연안3_환경관리,43706.64306,129.40778,35.3675,118.9,32.21,24.66,1.61,10.3,7.48,8.18,125.7,0.3,0.8,2.5,6.5,4,1.24,1.3,10.3
해양환경측정망,온산연안4_환경관리,43707.46181,129.35889,35.44083,294.9,31.68,23.91,1.62,32.3,6.5,8.11,397.4,7.1,16.8,100.3,2,158.9,1.43,51.4,32.3
해양환경측정망,온산연안5_환경관리,43707.45486,129.3625,35.44556,346,31.21,24.52,1.5,34.6,6.5,8.09,431.8,8.4,19.2,141,3.5,209.5,1.12,60.1,34.6
해양환경측정망,온산연안6_환경관리,43707.45069,129.36583,35.45083,324,31.35,24.34,1.67,34.7,6.45,8.1,396.5,7.8,19.3,119.7,2.8,181.2,1.2,53.7,34.7
해양환경측정망,온산연안7_환경관리,43707.43819,129.37556,35.45639,265.6,31.16,24.94,2.2,26.5,6.88,8.15,274.9,6.6,13.5,80.6,7,118.5,1.2,31.2,26.5
해양환경측정망,온산연안8_환경관리,43707.49236,129.37194,35.43889,214.2,32.18,23.67,1.25,21.6,6.85,8.12,174,3.1,8.7,36.7,5,59.2,1.06,19.4,21.6
해양환경측정망,온산연안9_환경관리,43707.5,129.37417,35.43472,198.3,32.23,23.31,1.2,21.2,6.79,8.12,311.9,5.6,11.3,68.4,5,93.9,1.11,19.9,21.2
해양환경측정망,완도연안1_환경관리,43686.47569,126.78306,34.31889,196.6,32.61,21.51,3.68,2.8,8.04,32.93,415.4,10.7,11.6,47.3,1.9,59.4,1.71,1.4,27.2
해양환경측정망,완도연안2_환경관리,43686.45486,126.75889,34.35333,180.3,31.4,25.86,6.76,8.7,8,32.42,407.1,0.3,0.4,1.8,1.5,2.1,2.13,0.1,30.3
해양환경측정망,완도연안3_환경관리,43686.54167,126.85611,34.36778,167.3,32.27,23.69,5.52,3.2,8.03,32.77,444.6,6.6,9.2,29.9,2.7,37,1.5,0.5,23.7
해양환경측정망,완도연안4_환경관리,43686.49306,126.73889,34.24444,180.1,32.81,20.45,0.89,3.2,8.03,33.01,221.3,8.7,9.6,45.4,2.5,54.5,1.76,0.4,20.9
해양환경측정망,완도연안5_환경관리,43686.57639,127,34.38944,141.8,32.53,22.85,2.3,9.9,8.05,32.88,68.4,0,1.5,1.5,3.6,2.2,1.36,0.7,19.2
해양환경측정망,완도연안H1_항만,43686.46528,126.7519444,34.32194444,200.7,32.37,22.75,0.28,11.4,7.2,8.03,377,4.7,5.5,13.7,2,19.3,1.18,0.9,26.3
해양환경측정망,울산연안1_환경관리,43706.60208,129.47667,35.52056,117.4,32.01,24.96,1.74,11.1,7.44,7.96,97.5,0.3,1.5,1.8,7,2.1,1,0.1,11.1
해양환경측정망,울산연안10_환경관리,43707.42986,129.38333,35.44861,142.7,32.21,23.15,1.48,18.8,6.68,8.14,201.4,4.8,10.1,47.3,4.2,93.6,0.83,41.4,18.8
해양환경측정망,울산연안11_환경관리,43707.06111,129.35139,35.46111,259.6,31.56,24.29,1.84,33.6,6.24,8.1,414.8,7.4,21.9,97.2,3,159.7,1.07,55.1,33.6
해양환경측정망,울산연안12_환경관리,43707.50486,129.37111,35.42139,183.6,32.68,22.14,1.02,19.9,6.11,8.14,307,5.7,12.3,58.8,4,84,0.83,19.4,19.9
해양환경측정망,울산연안2_환경관리,43706.68403,129.40778,35.445,121.8,32.05,24.77,3.32,16.2,7.65,8.2,115.1,0.8,2.5,4.9,6,6,0.91,0.3,16.2
해양환경측정망,울산연안3_환경관리,43706.70556,129.39861,35.47806,215.2,30.89,24.81,4.46,29.6,7.36,8.02,264.6,6.1,11.7,56.1,3.5,97.9,1.27,35.7,29.6
해양환경측정망,울산연안4_환경관리,43707.3875,129.385,35.51972,565.9,29.88,24.47,4.84,98.2,5.35,7.99,895.6,22.2,59.6,180.5,2.5,370.2,1.72,167.4,98.2
해양환경측정망,울산연안5_환경관리,43706.71181,129.39667,35.49278,291.7,30.55,24.79,4.95,41.1,7.09,8.08,379,8.8,20.9,77.4,2.8,162.6,1.81,76.4,41.1
해양환경측정망,울산연안6_환경관리,43707.39236,129.39167,35.51111,443,29.69,24.31,4.4,76.5,6.66,8.03,683,16.2,51.8,114.3,2.5,299.4,1.62,169,76.5
해양환경측정망,울산연안7_환경관리,43707.40278,129.38306,35.49944,450.9,31.43,24.15,2.22,53.5,5.61,8.04,508.1,14,31.1,99.8,2.8,271.1,1.62,157.3,53.5
해양환경측정망,울산연안8_환경관리,43707.41042,129.37167,35.49889,560.9,30.73,24.6,1.62,61.3,4.84,8.01,555.3,16.9,38.9,100.9,2,379.4,1.22,261.6,61.3
해양환경측정망,울산연안9_환경관리,43706.69444,129.39667,35.45806,191.2,31.44,24.81,4.52,26.7,7.58,8.18,190.6,4,6.3,37.5,4.5,59.4,1.44,17.9,26.7
해양환경측정망,울산연안H1_항만,43707.37847,129.3786111,35.51916667,458.9,26.81,23.78,3.18,6.6,5.35,7.97,813.6,20.1,56.8,155.8,2,345.2,1.65,169.4,79.2
해양환경측정망,월포연안1_연안,43689.58333,129.4002778,36.20166667,142.8,33.25,24.8,0.89,7.1,8.13,7.98,31.2,0.4,0,2.2,9,3.2,1.52,0.6,12.7
해양환경측정망,월포연안2_연안,43689.60278,129.3972222,36.24916667,126.7,33.29,24.43,0.7,9.5,8.37,8.21,21.2,0.1,0.1,2.4,9.8,2.5,1.07,0,11.1
해양환경측정망,인천연안1_환경관리,43679.74375,126.56111,37.59167,1093.1,26.61,26.46,1.21,52.8,6.42,7.65,1075.1,61.4,73.1,535.2,0.8,887.6,1.36,291,112.5
해양환경측정망,인천연안10_환경관리,43680.61111,126.52778,37.36667,645.7,29.47,26.5,1.76,17.3,5.99,7.8,892.9,31.6,60.4,204.8,0.7,458.5,1.98,222.1,80.7
해양환경측정망,인천연안11_환경관리,43681.43542,126.5225,37.30917,442.1,30.57,25.09,1.7,14.2,6.59,7.91,598,14.9,37,97.6,1.8,239.4,1.28,126.9,55.6
해양환경측정망,인천연안12_환경관리,43680.59028,126.44056,37.3575,560.6,30.33,24.96,3.58,12.3,6.64,7.84,832.2,23.5,52.6,152.8,1.4,426.8,2.77,250.4,71.1
해양환경측정망,인천연안13_환경관리,43680.57292,126.35333,37.32639,328.8,30.97,23.69,2.16,8,7.13,7.9,455.8,11.5,26.3,79.1,1.8,219.9,2.64,129.3,41.3
해양환경측정망,인천연안14_환경관리,43680.55903,126.28333,37.29667,290.2,31.03,23.16,1.64,17.8,7.25,7.91,382.5,11.1,22.2,74.7,2.1,136,1.52,50.1,34.7
해양환경측정망,인천연안15_환경관리,43682.48958,126.40333,37.27667,348.8,30.47,24.39,1.77,25.8,6.76,7.93,497.9,12.7,33.5,86.1,1.2,195.7,1.47,96.9,47.9
해양환경측정망,인천연안16_환경관리,43681.40069,126.59722,37.32278,492.7,30.15,25.6,2.5,9.3,6.41,7.87,761.4,17.7,48,115.2,1.2,297.5,1.2,164.6,67
해양환경측정망,인천연안17_환경관리,43681.4125,126.56056,37.3,449.4,30.45,25.22,1.85,12.3,6.35,7.88,693.7,15.7,42.5,103.6,1.1,258.4,1.41,139.1,60.1
해양환경측정망,인천연안18_환경관리,43681.45764,126.46444,37.31944,469.2,30.72,24.61,2.25,12.5,6.62,7.86,666.2,17.6,42.2,114.2,1.1,286.8,1.39,155.1,59.4
해양환경측정망,인천연안19_환경관리,43681.35625,126.55556,37.35194,377.9,29.9,24.97,1.79,17.2,6.66,7.9,554.5,14.2,39.5,102.6,2.3,222.9,1.34,106.2,49.2
해양환경측정망,인천연안2_환경관리,43680.44792,126.58611,37.5375,850.3,25.74,26.65,2.01,124.5,6.3,7.72,1108.7,60.4,74.8,460,0.8,748.7,2.85,228.4,105.1
해양환경측정망,인천연안20_환경관리,43681.52083,126.5325,37.33556,408.4,30.17,26.19,3.26,9.5,6.36,7.88,780.1,18.1,48.9,115.7,1.2,303.9,1.57,170.1,59.6
해양환경측정망,인천연안21_환경관리,43681.44306,126.50333,37.315,444.8,30.7,24.91,1.6,19,6.65,7.92,547.9,13.6,33.5,90.6,1,213.6,1.22,109.4,59.8
해양환경측정망,인천연안22_환경관리,43681.5125,126.55667,37.31944,466.4,30.13,26.26,3.26,8.8,6.45,7.87,735.5,17.2,46.5,113.4,1.1,278.9,1.5,148.3,63.5
해양환경측정망,인천연안23_환경관리,43681.42639,126.50528,37.27639,428.4,30.5,24.85,2.61,9.8,6.57,7.89,661.4,15.1,39.2,102.9,1.4,244.2,1.44,126.2,56.9
해양환경측정망,인천연안3_환경관리,43680.46181,126.58472,37.50667,958.2,26.81,26.52,1.31,71.8,6.33,7.75,1065.1,53.3,70.1,390.3,0.8,696.7,2.02,253.1,111.6
해양환경측정망,인천연안4_환경관리,43680.48264,126.57361,37.46528,910.2,28.01,26.6,1.54,110.3,6.39,7.76,1001.7,45.8,68.1,309.6,0.8,633.3,2.9,277.9,108
해양환경측정망,인천연안5_환경관리,43680.49444,126.56667,37.41667,833.9,28.58,26.53,1.7,104,6.65,7.77,974.9,40.8,65.9,263,0.8,578.4,2.34,274.7,113.3
해양환경측정망,인천연안6_환경관리,43680.62917,126.60139,37.375,570.7,29.91,26.54,3.65,14.5,6.83,7.82,868.2,20,54.8,132.8,1,343.9,1.12,191.1,75.6
해양환경측정망,인천연안7_환경관리,43681.38472,126.66111,37.34167,649.8,29.62,26.33,3.05,30.3,6.69,7.81,906.1,24.1,66.4,148.3,1,392.2,2.03,219.8,104.7
해양환경측정망,인천연안8_환경관리,43681.39375,126.63194,37.32361,637,29.81,25.91,2.44,11.7,6.52,7.83,870,21.5,61.2,135.8,1.1,355.4,1.54,198.2,97.2
해양환경측정망,인천연안9_환경관리,43681.36597,126.57222,37.33889,505.7,30.33,25.1,1.97,24.3,6.24,7.88,720,17.1,47.6,112.7,0.9,289.4,1.63,159.6,67.5
해양환경측정망,인천연안H1_항만,43680.47153,126.6105556,37.46666667,936,25.85,26.35,2.34,8.7,5.48,7.74,1027.2,49.3,75.7,366.4,1.8,720.5,0.96,304.8,91.5
해양환경측정망,전주포연안1_연안,43686.61806,126.5,35.87694444,224.2,30.42,28.21,6.84,8,7.81,8.07,434.7,0.9,17.6,2.5,2.1,21.5,1.53,18.1,50.3
해양환경측정망,전주포연안2_연안,43686.60069,126.4333333,35.8375,204.5,31.07,27.59,2.67,2.3,7.66,8.17,291.2,0.3,8.9,1.4,2.2,3.9,1.15,2.3,34.3
해양환경측정망,전주포연안3_연안,43686.56944,126.3777778,35.77083333,197.4,31.01,27.03,2.96,15.5,7.98,8.2,232.4,0.4,7.2,1.3,2,2.6,1.9,0.9,31
해양환경측정망,전주포연안4_연안,43686.77639,126.5,35.7375,226,30.78,27.92,5.84,13.3,7,8.07,408.8,1,14.8,1.6,1,20.7,1.84,18.1,45.2
해양환경측정망,전주포연안5_연안,43686.79167,126.5,35.68611111,239.1,30.88,28.24,4.08,4.5,8.31,8.19,363.6,0.9,14.4,1.6,1.2,3.2,1.37,0.6,48.4
해양환경측정망,전주포연안6_연안,43687.24653,126.4416667,35.61666667,225.9,30.97,26.53,3.09,6.7,6.38,8.1,431.3,1.6,20.8,5.3,3.3,28.1,2.12,21.2,43.2
해양환경측정망,전주포연안7_연안,43686.54931,126.4747222,35.78583333,221.2,30.77,27.24,3.76,5,8.46,8.24,236.3,0.4,5.1,1.4,2.5,1.9,1.2,0,34.9
해양환경측정망,전주포연안8_연안,43686.63333,126.4969444,35.935,298.5,30.22,27.4,3.07,11,5.6,7.95,586.2,4.7,29.7,20.3,1.6,95,1.18,70,51.4
해양환경측정망,제주연안1_연안,43690.42708,126.5327778,33.52694444,173.1,30.77,27.11,0.13,5.2,8.16,8.18,438.8,2.2,5.8,4.2,6.7,15.4,1,8.9,13.2
해양환경측정망,제주연안2_연안,43690.40486,126.4277778,33.50055556,133.9,31.04,26.91,0.23,3,8.06,8.18,337.1,1.7,2.8,1.9,16.3,3.7,1.64,0.1,7.7
해양환경측정망,제주연안3_연안,43690.46458,126.5683333,33.53388889,87.6,31,27.33,0.15,4.7,8.16,8.2,347,1.2,2.7,1.9,14.6,3.3,1.8,0.2,5.3
해양환경측정망,제주연안H1_항만,43690.43403,126.54,33.52611111,206.6,30.82,27.1,6.9,9.35,7.05,8.13,431.5,1.8,5.9,4.8,10.5,17.1,1.88,10.6,9.7
해양환경측정망,제주연안H2_항만,43690.45347,126.5305556,33.52722222,380.9,30.75,26.91,17.1,10.9,7.69,8.13,1023.5,2.6,17.6,17.2,3.2,42.6,2.04,22.9,25.3
해양환경측정망,조천연안1_연안,43690.52431,126.8555556,33.5375,133.5,31.31,26.78,0.11,7.6,7.49,8.17,278.6,0.8,2.7,1.1,12.6,2.2,1.98,0.3,7.7
해양환경측정망,조천연안2_연안,43690.49861,126.7327778,33.57388889,143.3,31.14,27.22,0.18,7.6,7.12,8.21,178.5,0.1,2.3,0.7,20.2,1.6,1.8,0.8,7.4
해양환경측정망,조천연안3_연안,43690.48472,126.6663889,33.56055556,117.5,31.08,27.34,0.15,6.6,7.15,8.19,304.4,1.1,3.5,1.1,17.1,2.4,2.14,0.2,5.4
해양환경측정망,주문진연안1_연안,43686.52083,128.8375,37.88583333,86.5,32.79,26.52,0.86,6.3,7.68,8.07,117.3,1.4,4.1,1.8,6.9,8.7,0.85,5.6,9
해양환경측정망,주문진연안2_연안,43686.51042,128.8466667,37.88777778,94.2,32.75,26.44,1.02,6.6,7.76,8.05,120.6,1.7,5.2,0.8,7.9,5.6,1.1,3.2,9.3
해양환경측정망,주문진연안3_연안,43686.47917,128.8522222,37.89416667,97.1,33.13,25.1,0.9,5.8,7.79,7.99,109.2,2.1,5.1,0.3,9,2.5,1.49,0.1,9
해양환경측정망,주문진연안4_연안,43686.46875,128.8525,37.91888889,88.4,33.05,25.77,0.44,6.4,7.61,8.15,102.5,2,5.3,0.4,13.2,2.4,1.58,0.1,6.8
해양환경측정망,주문진연안5_연안,43686.54514,128.8741667,37.86111111,107.2,32.67,26.7,0.71,8.4,7.74,8.19,123.5,0.3,2.1,0.9,10.8,6.5,1.09,5.3,7.9
해양환경측정망,주문진연안H1_항만,43686.52778,128.8313889,37.89055556,266,32.4,25.28,2.6,6.2,6.32,8.06,374.5,4.2,21.9,49.5,3,124.8,1.34,71.1,41.6
해양환경측정망,죽변연안1_연안,43682.61806,129.4258333,37.08166667,94.1,33.74,21.18,1.17,8.8,10.4,8.26,102.4,0,1,1.5,5.5,1.8,1.52,0.3,15
해양환경측정망,죽변연안2_연안,43682.63194,129.3988889,37.09861111,99.7,33.74,22.72,0.67,20.1,9.77,8.23,90.4,0.4,0.7,1.4,6.8,1.9,1.3,0.1,12.7
해양환경측정망,죽변연안3_연안,43682.57986,129.4313889,36.97472222,120.8,33.5,22.15,0.87,12.7,10.24,8.29,105.2,0.1,1.9,2.1,6.8,5.1,1.5,2.9,11.8
해양환경측정망,죽변연안4_연안,43682.55903,129.4347222,36.94666667,118.2,33.65,21.35,0.65,11.4,10.27,8.29,121.2,0.4,1.5,10.3,6.2,11,1.17,0.3,13.8
해양환경측정망,죽변연안5_연안,43682.65069,129.4022222,37.12138889,120.3,33.71,21.96,0.54,6.6,9.59,8.08,82.9,0.3,0.7,1.1,8.8,1.5,1.57,0.1,11.6
해양환경측정망,죽변연안6_연안,43682.64236,129.4022222,37.10944444,129.3,33.57,23.78,0.64,11.3,9.69,8.25,85.3,0,0,0.8,6.2,1.5,1.57,0.7,11.7
해양환경측정망,죽변연안H1_항만,43682.60417,129.4230556,37.05638889,127.6,33.64,23.29,2.53,9.7,10.29,8.26,102.4,0,2.4,1,4,2.3,1.9,1.4,16.9
해양환경측정망,진도연안1_연안,43685.62153,126.2263889,34.59583333,251.6,32.08,22.38,0.45,9.2,7.21,7.79,321.3,5.9,15.2,85.2,1.3,91.3,0.83,0.1,24.1
해양환경측정망,진도연안2_연안,43703.52778,126.4269444,34.48722222,179.8,32,24.91,4.54,12.4,8.95,8.29,79,0.5,4.4,5.5,1.5,6.3,1.07,0.3,17.5
해양환경측정망,진도연안3_연안,43703.51042,126.3938889,34.34777778,180.5,32.05,24.61,0.93,8.4,9.33,8.33,39.2,0.4,2.8,2.1,2.5,7.2,0.91,4.8,12.3
해양환경측정망,진도연안4_연안,43703.49306,126.3022222,34.34138889,186.4,32.02,24.35,0.57,8.3,8.83,8.25,56.9,0.2,4.7,2.9,2.2,6.6,0.86,3.5,12.9
해양환경측정망,진주만1_연안,43692.725,128,34.95388889,140.8,31.72,26.11,3.18,6,7.16,8.11,282,1.2,15.1,4.7,2.1,16,1.27,10.2,31.2
해양환경측정망,진주만2_연안,43692.7,127.9366667,34.8775,215.3,30.79,28.84,4.52,25.1,11.03,8.47,61,0.1,5.7,1.4,1,7.8,4.81,6.2,54.8
해양환경측정망,진해만1_환경관리,43695.37153,128.76667,35.03333,146.4,31.72,26.07,2.36,21.2,7.86,8.26,125.3,1.3,4.4,3.3,6.2,13.9,1.79,9.4,21.2
해양환경측정망,진해만2_환경관리,43695.59722,128.62083,35.10194,284.4,31.31,26.73,6,33.5,9.11,8.32,152,3,7.2,21.9,3.3,84.6,1.67,59.7,33.5
해양환경측정망,진해만3_연안,43694.45694,128.485,35.08611111,155.6,31.58,27.6,1.7,5.3,8.5,8.22,41.9,0.4,3.8,1.1,5.1,13,1.91,11.6,19.7
해양환경측정망,진해만4_연안,43694.48264,128.4166667,35.05,272.8,31.09,27.96,1.32,6.3,7.47,8.07,599,1.2,14.9,3.9,1.4,23.9,1.27,18.9,42.1
해양환경측정망,진해만5_연안,43694.59028,128.4341667,34.9,173.2,31.73,29.83,3.58,5,8.83,8.2,142,0.2,4.8,1.2,3.1,13.7,1.07,12.3,20.8
해양환경측정망,진해만6_연안,43694.63611,128.6058333,34.91305556,172.2,31.45,28.13,2.78,6.5,10.13,8.33,25.1,0.1,0.8,1.2,4.1,11.4,2.42,10.2,19.4
해양환경측정망,진해만7_연안,43694.51597,128.5172222,35.04611111,149.8,31.6,27.73,1.83,3.4,7.97,8.22,64.4,0.2,4.5,1.6,12.9,4.6,0.96,2.7,16.4
해양환경측정망,진해만8_연안,43694.52986,128.5377778,35.00194444,147.1,31.7,28.07,0.48,3.2,7.99,8.22,28.7,0.1,1.8,1,11.1,14.4,0.88,13.3,13.1
해양환경측정망,진해만9_연안,43694.5625,128.4741667,34.96888889,165.7,31.74,28.52,0.56,3.1,7.89,8.2,26.2,0.1,2.1,0.6,9.6,15.1,1.28,14.4,13.9
해양환경측정망,천수만1_연안,43685.55556,126.4055556,36.59166667,261.7,31.09,28.22,5.24,9.2,8.53,8.2,154.4,0.3,15,1.4,2,60.9,2.54,59.2,63.1
해양환경측정망,천수만2_연안,43685.58194,126.4522222,36.53138889,238.9,31.19,28.12,4.32,6.7,8.85,8.19,280.3,0.9,15.3,2,1.9,16.2,2.54,13.2,46.7
해양환경측정망,천수만3_연안,43685.59583,126.465,36.4725,273.3,31.2,27.18,4.96,16.2,7.27,8.06,359.5,1.4,19.8,4,1,46.5,1.99,41,45.1
해양환경측정망,천수만4_연안,43685.65625,126.4838889,36.42555556,244.8,31.28,27.14,3.28,6.8,7.02,8.04,327.2,1.6,15.4,7.1,2.5,31.3,1.85,22.7,36
해양환경측정망,천수만5_연안,43685.62708,126.465,36.38416667,213.3,31.35,26.52,3.32,6.5,6.99,8.03,299.5,1.7,15.1,6.5,2.9,27.7,1.67,19.6,35.6
해양환경측정망,천수만6_연안,43685.5875,126.4613889,36.50583333,293.1,31.24,27.42,5,8,7.63,8.12,429.4,1.4,22.8,4.6,1.8,42.3,2.57,36.4,56.3
해양환경측정망,천수만7_연안,43685.60556,126.4708333,36.44861111,257.5,31.23,27.34,5.36,7.2,8.6,8.15,256.8,0.8,15.9,2,2.4,26.7,2.73,24,44.1
해양환경측정망,축산연안1_연안,43703.61111,129.4563889,36.51333333,131.3,32.2,27.09,0.18,4.3,6.69,8.04,103.7,0.2,0,1.3,12,1.7,1.39,0.1,8.2
해양환경측정망,축산연안2_연안,43703.60069,129.4997222,36.53444444,114.6,32.35,26.85,0.19,3.4,7.31,8.17,72.3,0.9,0.4,14.3,12,15.4,0.96,0.2,6.1
해양환경측정망,축산연안H1_항만,43703.62361,129.4486111,36.51,68.8,32.36,26.43,0.52,7,7.09,8.12,109.6,0,1.1,2.2,12,2.3,1.22,0.1,6
해양환경측정망,태안연안1_연안,43684.62917,126.0947222,36.88083333,180,31.72,21.07,4.08,3.1,8.18,8.13,68.8,2.3,4.6,7.4,5.4,15.9,1.45,6.2,17.7
해양환경측정망,태안연안2_연안,43684.65556,126.1411111,36.79,173.1,31.73,22.61,5.48,5.7,8.81,8.17,94.8,0.7,3.8,2.4,2.3,4.7,1.77,1.7,16.2
해양환경측정망,태안연안3_연안,43685.35347,126.2347222,36.63305556,213.4,31.51,25.31,7.28,6.7,8.07,8.15,264.8,0.6,7.5,3,2.2,12.6,2.33,9,31.2
해양환경측정망,태안연안4_연안,43685.38472,126.3166667,36.54916667,241.4,31.41,26.79,7.56,6.5,8.07,8.15,314.7,0.5,10.4,1.8,3.5,5.4,2.46,3.1,39
해양환경측정망,태안연안5_연안,43685.4,126.2883333,36.48666667,209.2,31.67,24.84,6.04,5.7,8.1,8.14,218.7,0.5,5.5,1.2,3,1.8,1.99,0.1,22.3
해양환경측정망,통영연안1_연안,43693.64236,128.4597222,34.85638889,202.1,32.3,26.89,2.94,14.7,6.87,8.11,255.3,2.5,11.7,11.1,2,30.6,0.95,17,29.7
해양환경측정망,통영연안2_연안,43693.62153,128.4463889,34.83305556,198.2,32.42,26.35,2.74,11.9,7.74,8.17,197,2.2,11.9,12.1,4.2,23.3,1,9.1,30.4
해양환경측정망,통영연안3_연안,43693.50069,128.4,34.83027778,234.7,32.32,26.52,1.7,3.3,7.84,8.16,164.7,2.4,15.2,27.2,5.1,49,0.98,19.4,31.9
해양환경측정망,통영연안4_연안,43693.51806,128.3536111,34.85777778,158.9,32.44,26.54,0.74,3.8,7.95,8.18,64.7,1,5.7,1.6,7.8,3.3,0.81,0.7,19.3
해양환경측정망,통영연안H2_항만,43693.62986,128.4375,34.84166667,444.2,32.37,26.22,12.2,13.8,5.99,8.06,203.2,4.1,35.8,17,1.8,159.3,2.26,138.2,87.1
해양환경측정망,통영외안1_연안,43686.46042,128.1316667,34.77361111,147.1,32.03,25.6,0.66,4.2,9.16,8.21,64.2,0.4,0.7,0.6,5.5,1.1,1.65,0.2,13.5
해양환경측정망,통영외안2_연안,43693.53958,128.2947222,34.80972222,114.9,32.38,26.09,0.45,5.1,8.13,8.25,69.4,0.3,1.7,0.8,9.5,1.3,0.84,0.2,12.2
해양환경측정망,통영외안3_연안,43686.42917,128.25,34.7175,147.1,32.26,26.11,0.37,4.7,8.89,8.22,87.3,0.1,0.9,1.1,5.5,6.9,1.32,5.7,10.6
해양환경측정망,통영외안4_연안,43686.35417,128.4430556,34.76638889,168.6,32.8,22.54,2.76,5.6,8.46,8.13,126.6,1.6,4,9.8,4,11.5,2.1,0.1,23.7
해양환경측정망,통영외안5_연안,43686.39167,128.3927778,34.66666667,143.2,32,26.08,0.62,6.8,9.38,8.25,33,0.2,0.2,1.4,4.5,2.1,2.87,0.4,10.7
해양환경측정망,통영외안6_연안,43686.36458,128.4316667,34.75,181.3,32.66,22.43,3.2,4.4,8.26,8.16,122.2,1.7,4,6.8,4,28.3,1.79,19.8,22.7
해양환경측정망,표선연안1_연안,43690.61597,126.7675,33.28083333,144.6,31.3,27.31,0.24,4.1,7.72,8.21,268.1,1.3,1.7,1,15.3,2.6,1.96,0.4,7.7
해양환경측정망,표선연안2_연안,43690.59514,126.8655556,33.32555556,145.8,30.89,27.84,0.17,2.4,8.26,8.23,284,0.3,1.3,0.6,12.2,0.9,1.95,0.1,7.2
해양환경측정망,한림연안1_연안,43690.32986,126.185,33.37611111,126.5,30.99,26.87,0.43,11.1,7.49,8.21,242.8,0.3,0.6,0.6,13,1,1.82,0.1,9.6
해양환경측정망,한림연안2_연안,43690.37292,126.2744444,33.46305556,127,31.06,27.12,0.24,3.4,7.56,8.23,283.6,0.6,2.1,1.1,16.2,1.8,1.2,0.1,9.3
해양환경측정망,한림연안3_연안,43690.30833,126.16,33.29444444,199.4,31.07,26.11,0.44,3.7,7.46,8.18,290.3,1.5,3.6,4.1,10.4,12.4,1.24,6.8,12.2
해양환경측정망,한림연안H1_항만,43690.34861,126.2552778,33.41555556,481.1,31.05,26.82,0.93,6.45,7.09,8.1,510.8,5.5,9.5,24.6,2.8,54.9,2.2,24.7,22.6
해양환경측정망,한림연안H2_항만,43690.35486,126.2597222,33.41805556,387.4,30.9,26.91,0.3,8.2,7.02,8.12,454,4.4,11.1,16,1.5,66.5,1.47,46.1,25.3
해양환경측정망,함평연안1_환경관리,43685.49306,126.36111,35.15278,212.6,31.76,28.04,4.84,9.1,7.29,7.88,151.6,2.3,8.3,15.4,3.2,20.2,1.55,2.5,26.7
해양환경측정망,함평연안2_환경관리,43685.47222,126.29222,35.165,228.9,31.83,27.09,4.68,8,7.37,7.85,186.9,7.8,10.3,56.3,2.8,64.5,1.18,0.4,27.4
해양환경측정망,함평연안3_환경관리,43685.51389,126.36917,35.13,207.2,31.64,29.01,4.06,43.8,7.7,7.89,203.1,0.5,9.4,5.1,3.2,7.2,1.68,1.6,29.5
해양환경측정망,함평연안4_환경관리,43685.52778,126.38389,35.11167,218.4,31.65,29.35,5.62,47.1,7.66,7.87,206.4,0.4,10.1,4.9,3,8.1,1.46,2.8,31.7
해양환경측정망,해남만1_연안,43685.55903,126.3644444,34.72111111,206.5,30.7,24.92,2.6,7.7,10.13,8.2,24.2,0.4,1.9,1.9,1.9,2.8,2.67,0.6,13.6
해양환경측정망,해남만2_연안,43685.57986,126.3436111,34.73888889,187.8,30.33,26.16,2.44,7.6,10.33,8.24,20,0.4,2,1.8,1.9,4.8,2.85,2.6,13
해양환경측정망,행암만1_환경관리,43695.41667,128.69167,35.11833,238.1,31.41,27.04,4.95,37.7,8.27,8.28,181.7,1.1,7.1,2.7,3.2,54.2,2.61,50.3,37.7
해양환경측정망,행암만2_환경관리,43695.42569,128.68056,35.13889,217.6,31.12,28.05,8.75,30.3,9.47,8.34,90.6,0.8,1.6,1.8,2.3,27,3.1,24.4,30.3
해양환경측정망,행암만3_환경관리,43695.43194,128.67972,35.14444,273.2,31.06,27.95,10.65,36.2,11.55,8.43,34,1.6,0,2.5,2.1,16.6,3.46,12.6,36.2
해양환경측정망,행암만4_환경관리,43695.43819,128.68778,35.14611,239.5,31.33,27.49,7.45,31.1,9.45,8.34,87.2,2.8,3.1,6.9,3.6,29.4,3.06,19.7,31.1
해양환경측정망,후포연안1_연안,43703.57153,129.4588889,36.6475,105.4,32.09,26.82,0.19,3.9,7.13,8.14,111.2,0,1,2,15,2.6,1.3,0.5,7.2
해양환경측정망,후포연안2_연안,43703.54375,129.4836111,36.69444444,112,32.34,26.48,0.17,3.2,7.15,8.15,113,0.3,0.2,7.5,15,8.2,0.91,0.4,7.1
해양환경측정망,후포연안H1_항만,43703.55903,129.4577778,36.67833333,74.1,32.37,26.21,0.81,4.75,7.29,8.14,120.2,0,1,2.5,8,8.6,1.33,6,9.7
해양환경측정망,삼덕항H1_항만,43693.56597,128.3811111,34.79527778,195,32.49,25.75,2.5,4.8,7.61,8.2,168.7,2.1,5.5,11,5.6,22.7,0.83,9.6,21.5
해양환경측정망,진해만10_연안,43694.41528,128.6077778,35.02916667,189.6,31.61,26.73,0.98,3.4,8.4,8.26,81.5,0.4,3.1,2.8,10,7.1,0.9,3.8,16.6
해양환경측정망,진해만11_연안,43694.44097,128.5308333,35.08222222,147.5,31.63,27.68,0.53,1.1,8.24,8.25,26.6,0.2,0.8,0.8,13.5,15.5,1.49,14.5,14
해양환경측정망,진해만12_연안,43694.57292,128.4577778,34.94166667,159.1,31.78,28.73,0.74,3.2,7.93,8.18,40,0,1.6,1.1,7.8,14.2,1.17,13.1,15.6
해양환경측정망,진해만13_연안,43694.62153,128.56,34.9375,178.8,31.68,27.9,0.39,3.7,8.14,8.24,34.4,0.3,1.3,1.8,10.3,16.8,1.76,14.7,13.2
해양환경측정망,왕피천하구1_연안,43682.56944,129.4161111,36.97138889,115.9,33.54,21.81,0.68,16.5,10.21,8.3,151.1,0.5,2.6,6.2,4.5,6.8,1.55,0,11.1
해양환경측정망,양양남대천하구1_연안,43685.70972,128.6477778,38.10805556,142.8,23.7,25.56,1.02,7.3,7.86,8.05,438.8,0.4,1.1,52.2,2.4,54,1.88,1.4,6.8
해양환경측정망,삼척오십천하구1_연안,43686.71181,129.1944444,37.43027778,901.6,26.43,25.66,2.03,10.1,8.14,8.16,959.3,4.7,9.2,859,3.7,891.2,1.65,27.4,16.2
해양환경측정망,강릉남대천하구1_연안,43683.54167,128.9566667,37.7675,213.1,33.13,24.64,6,9.6,8.41,8.17,137.1,10.7,9,37.8,4.6,52.2,1.36,3.7,31.5
